<?xml version="1.0" encoding="UTF-8"?>
<GenRun Id="impl_1" LaunchPart="xc7a100tcsg324-1" LaunchTime="1573501207">
  <File Type="BITSTR-BMM" Name="CompletLab4_bd.bmm"/>
  <File Type="OPT-METHODOLOGY-DRC" Name="CompletLab4_methodology_drc_opted.rpt"/>
  <File Type="INIT-TIMING" Name="CompletLab4_timing_summary_init.rpt"/>
  <File Type="ROUTE-PWR" Name="CompletLab4_power_routed.rpt"/>
  <File Type="PA-TCL" Name="CompletLab4.tcl"/>
  <File Type="OPT-TIMING" Name="CompletLab4_timing_summary_opted.rpt"/>
  <File Type="OPT-DCP" Name="CompletLab4_opt.dcp"/>
  <File Type="ROUTE-PWR-SUM" Name="CompletLab4_power_summary_routed.pb"/>
  <File Type="REPORTS-TCL" Name="CompletLab4_reports.tcl"/>
  <File Type="OPT-DRC" Name="CompletLab4_drc_opted.rpt"/>
  <File Type="OPT-HWDEF" Name="CompletLab4.hwdef"/>
  <File Type="PWROPT-DCP" Name="CompletLab4_pwropt.dcp"/>
  <File Type="PWROPT-DRC" Name="CompletLab4_drc_pwropted.rpt"/>
  <File Type="PWROPT-TIMING" Name="CompletLab4_timing_summary_pwropted.rpt"/>
  <File Type="PLACE-DCP" Name="CompletLab4_placed.dcp"/>
  <File Type="PLACE-IO" Name="CompletLab4_io_placed.rpt"/>
  <File Type="PLACE-CLK" Name="CompletLab4_clock_utilization_placed.rpt"/>
  <File Type="PLACE-UTIL" Name="CompletLab4_utilization_placed.rpt"/>
  <File Type="PLACE-UTIL-PB" Name="CompletLab4_utilization_placed.pb"/>
  <File Type="PLACE-CTRL" Name="CompletLab4_control_sets_placed.rpt"/>
  <File Type="PLACE-SIMILARITY" Name="CompletLab4_incremental_reuse_placed.rpt"/>
  <File Type="PLACE-PRE-SIMILARITY" Name="CompletLab4_incremental_reuse_pre_placed.rpt"/>
  <File Type="BG-BGN" Name="CompletLab4.bgn"/>
  <File Type="PLACE-TIMING" Name="CompletLab4_timing_summary_placed.rpt"/>
  <File Type="POSTPLACE-PWROPT-DCP" Name="CompletLab4_postplace_pwropt.dcp"/>
  <File Type="BG-BIN" Name="CompletLab4.bin"/>
  <File Type="POSTPLACE-PWROPT-TIMING" Name="CompletLab4_timing_summary_postplace_pwropted.rpt"/>
  <File Type="PHYSOPT-DCP" Name="CompletLab4_physopt.dcp"/>
  <File Type="PHYSOPT-DRC" Name="CompletLab4_drc_physopted.rpt"/>
  <File Type="BITSTR-MSK" Name="CompletLab4.msk"/>
  <File Type="PHYSOPT-TIMING" Name="CompletLab4_timing_summary_physopted.rpt"/>
  <File Type="ROUTE-ERROR-DCP" Name="CompletLab4_routed_error.dcp"/>
  <File Type="ROUTE-DCP" Name="CompletLab4_routed.dcp"/>
  <File Type="ROUTE-BLACKBOX-DCP" Name="CompletLab4_routed_bb.dcp"/>
  <File Type="ROUTE-DRC" Name="CompletLab4_drc_routed.rpt"/>
  <File Type="ROUTE-DRC-PB" Name="CompletLab4_drc_routed.pb"/>
  <File Type="BITSTR-LTX" Name="debug_nets.ltx"/>
  <File Type="BITSTR-LTX" Name="CompletLab4.ltx"/>
  <File Type="ROUTE-DRC-RPX" Name="CompletLab4_drc_routed.rpx"/>
  <File Type="BITSTR-MMI" Name="CompletLab4.mmi"/>
  <File Type="ROUTE-METHODOLOGY-DRC" Name="CompletLab4_methodology_drc_routed.rpt"/>
  <File Type="ROUTE-METHODOLOGY-DRC-RPX" Name="CompletLab4_methodology_drc_routed.rpx"/>
  <File Type="BITSTR-SYSDEF" Name="CompletLab4.sysdef"/>
  <File Type="ROUTE-METHODOLOGY-DRC-PB" Name="CompletLab4_methodology_drc_routed.pb"/>
  <File Type="ROUTE-PWR-RPX" Name="CompletLab4_power_routed.rpx"/>
  <File Type="ROUTE-STATUS" Name="CompletLab4_route_status.rpt"/>
  <File Type="ROUTE-STATUS-PB" Name="CompletLab4_route_status.pb"/>
  <File Type="ROUTE-TIMINGSUMMARY" Name="CompletLab4_timing_summary_routed.rpt"/>
  <File Type="ROUTE-TIMING-PB" Name="CompletLab4_timing_summary_routed.pb"/>
  <File Type="ROUTE-TIMING-RPX" Name="CompletLab4_timing_summary_routed.rpx"/>
  <File Type="ROUTE-SIMILARITY" Name="CompletLab4_incremental_reuse_routed.rpt"/>
  <File Type="ROUTE-CLK" Name="CompletLab4_clock_utilization_routed.rpt"/>
  <File Type="ROUTE-BUS-SKEW" Name="CompletLab4_bus_skew_routed.rpt"/>
  <File Type="ROUTE-BUS-SKEW-PB" Name="CompletLab4_bus_skew_routed.pb"/>
  <File Type="ROUTE-BUS-SKEW-RPX" Name="CompletLab4_bus_skew_routed.rpx"/>
  <File Type="POSTROUTE-PHYSOPT-DCP" Name="CompletLab4_postroute_physopt.dcp"/>
  <File Type="POSTROUTE-PHYSOPT-BLACKBOX-DCP" Name="CompletLab4_postroute_physopt_bb.dcp"/>
  <File Type="POSTROUTE-PHYSOPT-TIMING" Name="CompletLab4_timing_summary_postroute_physopted.rpt"/>
  <File Type="POSTROUTE-PHYSOPT-TIMING-PB" Name="CompletLab4_timing_summary_postroute_physopted.pb"/>
  <File Type="POSTROUTE-PHYSOPT-TIMING-RPX" Name="CompletLab4_timing_summary_postroute_physopted.rpx"/>
  <File Type="POSTROUTE-PHYSOPT-BUS-SKEW" Name="CompletLab4_bus_skew_postroute_physopted.rpt"/>
  <File Type="POSTROUTE-PHYSOPT-BUS-SKEW-PB" Name="CompletLab4_bus_skew_postroute_physopted.pb"/>
  <File Type="BG-BIT" Name="CompletLab4.bit"/>
  <File Type="POSTROUTE-PHYSOPT-BUS-SKEW-RPX" Name="CompletLab4_bus_skew_postroute_physopted.rpx"/>
  <File Type="BITSTR-RBT" Name="CompletLab4.rbt"/>
  <File Type="BITSTR-NKY" Name="CompletLab4.nky"/>
  <File Type="BG-DRC" Name="CompletLab4.drc"/>
  <File Type="RDI-RDI" Name="CompletLab4.vdi"/>
  <File Type="WBT-USG" Name="usage_statistics_webtalk.html"/>
  <FileSet Name="sources" Type="DesignSrcs" RelSrcDir="$PSRCDIR/sources_1">
    <Filter Type="Srcs"/>
    <File Path="$PSRCDIR/sources_1/new/BIN_2_DEC.vhd">
      <FileInfo>
        <Attr Name="UsedIn" Val="synthesis"/>
        <Attr Name="UsedIn" Val="simulation"/>
      </FileInfo>
    </File>
    <File Path="$PSRCDIR/sources_1/imports/Lab4/DISP_7_SEG_LAB4.vhd">
      <FileInfo>
        <Attr Name="ImportPath" Val="$PPRDIR/../Lab4/DISP_7_SEG_LAB4.vhd"/>
        <Attr Name="ImportTime" Val="1572960858"/>
        <Attr Name="UsedIn" Val="synthesis"/>
        <Attr Name="UsedIn" Val="simulation"/>
      </FileInfo>
    </File>
    <File Path="$PSRCDIR/sources_1/new/MOD_5.vhd">
      <FileInfo>
        <Attr Name="UsedIn" Val="synthesis"/>
        <Attr Name="UsedIn" Val="simulation"/>
      </FileInfo>
    </File>
    <File Path="$PSRCDIR/sources_1/new/MULT_2.vhd">
      <FileInfo>
        <Attr Name="UsedIn" Val="synthesis"/>
        <Attr Name="UsedIn" Val="simulation"/>
      </FileInfo>
    </File>
    <File Path="$PSRCDIR/sources_1/new/MUX_2_1.vhd">
      <FileInfo>
        <Attr Name="UsedIn" Val="synthesis"/>
        <Attr Name="UsedIn" Val="simulation"/>
      </FileInfo>
    </File>
    <File Path="$PSRCDIR/sources_1/new/CompletLab4.vhd">
      <FileInfo>
        <Attr Name="UsedIn" Val="synthesis"/>
        <Attr Name="UsedIn" Val="simulation"/>
      </FileInfo>
    </File>
    <Config>
      <Option Name="DesignMode" Val="RTL"/>
      <Option Name="TopModule" Val="CompletLab4"/>
    </Config>
  </FileSet>
  <FileSet Name="constrs_in" Type="Constrs" RelSrcDir="$PSRCDIR/constrs_1">
    <Filter Type="Constrs"/>
    <File Path="$PSRCDIR/constrs_1/new/Lab4.xdc">
      <FileInfo>
        <Attr Name="UsedIn" Val="synthesis"/>
        <Attr Name="UsedIn" Val="implementation"/>
      </FileInfo>
    </File>
    <Config>
      <Option Name="ConstrsType" Val="XDC"/>
    </Config>
  </FileSet>
  <FileSet Name="utils" Type="Utils" RelSrcDir="$PSRCDIR/utils_1">
    <Filter Type="Utils"/>
    <Config>
      <Option Name="TopAutoSet" Val="TRUE"/>
    </Config>
  </FileSet>
  <Strategy Version="1" Minor="2">
    <StratHandle Name="Vivado Implementation Defaults" Flow="Vivado Implementation 2018"/>
    <Step Id="init_design"/>
    <Step Id="opt_design"/>
    <Step Id="power_opt_design"/>
    <Step Id="place_design"/>
    <Step Id="post_place_power_opt_design"/>
    <Step Id="phys_opt_design"/>
    <Step Id="route_design"/>
    <Step Id="post_route_phys_opt_design"/>
    <Step Id="write_bitstream"/>
  </Strategy>
</GenRun>
