<?xml version="1.0" encoding="UTF-8"?>
<GenRun Id="synth_1" LaunchPart="xc7a100tcsg324-1" LaunchTime="1574180385">
  <File Type="PA-TCL" Name="CompletFeu.tcl"/>
  <File Type="RDS-PROPCONSTRS" Name="CompletFeu_drc_synth.rpt"/>
  <File Type="REPORTS-TCL" Name="CompletFeu_reports.tcl"/>
  <File Type="RDS-RDS" Name="CompletFeu.vds"/>
  <File Type="RDS-UTIL" Name="CompletFeu_utilization_synth.rpt"/>
  <File Type="RDS-UTIL-PB" Name="CompletFeu_utilization_synth.pb"/>
  <File Type="RDS-DCP" Name="CompletFeu.dcp"/>
  <File Type="VDS-TIMINGSUMMARY" Name="CompletFeu_timing_summary_synth.rpt"/>
  <File Type="VDS-TIMING-PB" Name="CompletFeu_timing_summary_synth.pb"/>
  <FileSet Name="sources" Type="DesignSrcs" RelSrcDir="$PSRCDIR/sources_1">
    <Filter Type="Srcs"/>
    <File Path="$PSRCDIR/sources_1/imports/Lab5/DEBOUNCE.vhd">
      <FileInfo>
        <Attr Name="ImportPath" Val="$PPRDIR/../Lab5/DEBOUNCE.vhd"/>
        <Attr Name="ImportTime" Val="1574171428"/>
        <Attr Name="UsedIn" Val="synthesis"/>
        <Attr Name="UsedIn" Val="simulation"/>
      </FileInfo>
    </File>
    <File Path="$PSRCDIR/sources_1/imports/Lab5/DISP_7_SEG_LAB5.vhd">
      <FileInfo>
        <Attr Name="ImportPath" Val="$PPRDIR/../Lab5/DISP_7_SEG_LAB5.vhd"/>
        <Attr Name="ImportTime" Val="1574171428"/>
        <Attr Name="UsedIn" Val="synthesis"/>
        <Attr Name="UsedIn" Val="simulation"/>
      </FileInfo>
    </File>
    <File Path="$PSRCDIR/sources_1/imports/Lab5/PULSE_GEN.vhd">
      <FileInfo>
        <Attr Name="ImportPath" Val="$PPRDIR/../Lab5/PULSE_GEN.vhd"/>
        <Attr Name="ImportTime" Val="1574171429"/>
        <Attr Name="UsedIn" Val="synthesis"/>
        <Attr Name="UsedIn" Val="simulation"/>
      </FileInfo>
    </File>
    <File Path="$PSRCDIR/sources_1/imports/Lab5/TRAFIC_LIGHT.vhd">
      <FileInfo>
        <Attr Name="ImportPath" Val="$PPRDIR/../Lab5/TRAFIC_LIGHT.vhd"/>
        <Attr Name="ImportTime" Val="1574171429"/>
        <Attr Name="UsedIn" Val="synthesis"/>
        <Attr Name="UsedIn" Val="simulation"/>
      </FileInfo>
    </File>
    <File Path="$PSRCDIR/sources_1/new/CompletFeu.vhd">
      <FileInfo>
        <Attr Name="UsedIn" Val="synthesis"/>
        <Attr Name="UsedIn" Val="simulation"/>
      </FileInfo>
    </File>
    <Config>
      <Option Name="DesignMode" Val="RTL"/>
      <Option Name="TopModule" Val="CompletFeu"/>
    </Config>
  </FileSet>
  <FileSet Name="constrs_in" Type="Constrs" RelSrcDir="$PSRCDIR/constrs_1">
    <Filter Type="Constrs"/>
    <File Path="$PSRCDIR/constrs_1/new/LAB5.xdc">
      <FileInfo>
        <Attr Name="UsedIn" Val="synthesis"/>
        <Attr Name="UsedIn" Val="implementation"/>
      </FileInfo>
    </File>
    <Config>
      <Option Name="ConstrsType" Val="XDC"/>
    </Config>
  </FileSet>
  <FileSet Name="utils" Type="Utils" RelSrcDir="$PSRCDIR/utils_1">
    <Filter Type="Utils"/>
    <Config>
      <Option Name="TopAutoSet" Val="TRUE"/>
    </Config>
  </FileSet>
  <Strategy Version="1" Minor="2">
    <StratHandle Name="Vivado Synthesis Defaults" Flow="Vivado Synthesis 2018">
      <Desc>Vivado Synthesis Defaults</Desc>
    </StratHandle>
    <Step Id="synth_design"/>
  </Strategy>
</GenRun>
