<?xml version="1.0" encoding="UTF-8"?>
<GenRun Id="impl_1" LaunchPart="xc7a100tcsg324-1" LaunchTime="1574180386">
  <File Type="BITSTR-BMM" Name="CompletFeu_bd.bmm"/>
  <File Type="OPT-METHODOLOGY-DRC" Name="CompletFeu_methodology_drc_opted.rpt"/>
  <File Type="INIT-TIMING" Name="CompletFeu_timing_summary_init.rpt"/>
  <File Type="ROUTE-PWR" Name="CompletFeu_power_routed.rpt"/>
  <File Type="PA-TCL" Name="CompletFeu.tcl"/>
  <File Type="OPT-TIMING" Name="CompletFeu_timing_summary_opted.rpt"/>
  <File Type="OPT-DCP" Name="CompletFeu_opt.dcp"/>
  <File Type="ROUTE-PWR-SUM" Name="CompletFeu_power_summary_routed.pb"/>
  <File Type="REPORTS-TCL" Name="CompletFeu_reports.tcl"/>
  <File Type="OPT-DRC" Name="CompletFeu_drc_opted.rpt"/>
  <File Type="OPT-HWDEF" Name="CompletFeu.hwdef"/>
  <File Type="PWROPT-DCP" Name="CompletFeu_pwropt.dcp"/>
  <File Type="PWROPT-DRC" Name="CompletFeu_drc_pwropted.rpt"/>
  <File Type="PWROPT-TIMING" Name="CompletFeu_timing_summary_pwropted.rpt"/>
  <File Type="PLACE-DCP" Name="CompletFeu_placed.dcp"/>
  <File Type="PLACE-IO" Name="CompletFeu_io_placed.rpt"/>
  <File Type="PLACE-CLK" Name="CompletFeu_clock_utilization_placed.rpt"/>
  <File Type="PLACE-UTIL" Name="CompletFeu_utilization_placed.rpt"/>
  <File Type="PLACE-UTIL-PB" Name="CompletFeu_utilization_placed.pb"/>
  <File Type="PLACE-CTRL" Name="CompletFeu_control_sets_placed.rpt"/>
  <File Type="PLACE-SIMILARITY" Name="CompletFeu_incremental_reuse_placed.rpt"/>
  <File Type="PLACE-PRE-SIMILARITY" Name="CompletFeu_incremental_reuse_pre_placed.rpt"/>
  <File Type="BG-BGN" Name="CompletFeu.bgn"/>
  <File Type="PLACE-TIMING" Name="CompletFeu_timing_summary_placed.rpt"/>
  <File Type="POSTPLACE-PWROPT-DCP" Name="CompletFeu_postplace_pwropt.dcp"/>
  <File Type="BG-BIN" Name="CompletFeu.bin"/>
  <File Type="POSTPLACE-PWROPT-TIMING" Name="CompletFeu_timing_summary_postplace_pwropted.rpt"/>
  <File Type="PHYSOPT-DCP" Name="CompletFeu_physopt.dcp"/>
  <File Type="PHYSOPT-DRC" Name="CompletFeu_drc_physopted.rpt"/>
  <File Type="BITSTR-MSK" Name="CompletFeu.msk"/>
  <File Type="PHYSOPT-TIMING" Name="CompletFeu_timing_summary_physopted.rpt"/>
  <File Type="ROUTE-ERROR-DCP" Name="CompletFeu_routed_error.dcp"/>
  <File Type="ROUTE-DCP" Name="CompletFeu_routed.dcp"/>
  <File Type="ROUTE-BLACKBOX-DCP" Name="CompletFeu_routed_bb.dcp"/>
  <File Type="ROUTE-DRC" Name="CompletFeu_drc_routed.rpt"/>
  <File Type="ROUTE-DRC-PB" Name="CompletFeu_drc_routed.pb"/>
  <File Type="BITSTR-LTX" Name="debug_nets.ltx"/>
  <File Type="BITSTR-LTX" Name="CompletFeu.ltx"/>
  <File Type="ROUTE-DRC-RPX" Name="CompletFeu_drc_routed.rpx"/>
  <File Type="BITSTR-MMI" Name="CompletFeu.mmi"/>
  <File Type="ROUTE-METHODOLOGY-DRC" Name="CompletFeu_methodology_drc_routed.rpt"/>
  <File Type="ROUTE-METHODOLOGY-DRC-RPX" Name="CompletFeu_methodology_drc_routed.rpx"/>
  <File Type="BITSTR-SYSDEF" Name="CompletFeu.sysdef"/>
  <File Type="ROUTE-METHODOLOGY-DRC-PB" Name="CompletFeu_methodology_drc_routed.pb"/>
  <File Type="ROUTE-PWR-RPX" Name="CompletFeu_power_routed.rpx"/>
  <File Type="ROUTE-STATUS" Name="CompletFeu_route_status.rpt"/>
  <File Type="ROUTE-STATUS-PB" Name="CompletFeu_route_status.pb"/>
  <File Type="ROUTE-TIMINGSUMMARY" Name="CompletFeu_timing_summary_routed.rpt"/>
  <File Type="ROUTE-TIMING-PB" Name="CompletFeu_timing_summary_routed.pb"/>
  <File Type="ROUTE-TIMING-RPX" Name="CompletFeu_timing_summary_routed.rpx"/>
  <File Type="ROUTE-SIMILARITY" Name="CompletFeu_incremental_reuse_routed.rpt"/>
  <File Type="ROUTE-CLK" Name="CompletFeu_clock_utilization_routed.rpt"/>
  <File Type="ROUTE-BUS-SKEW" Name="CompletFeu_bus_skew_routed.rpt"/>
  <File Type="ROUTE-BUS-SKEW-PB" Name="CompletFeu_bus_skew_routed.pb"/>
  <File Type="ROUTE-BUS-SKEW-RPX" Name="CompletFeu_bus_skew_routed.rpx"/>
  <File Type="POSTROUTE-PHYSOPT-DCP" Name="CompletFeu_postroute_physopt.dcp"/>
  <File Type="POSTROUTE-PHYSOPT-BLACKBOX-DCP" Name="CompletFeu_postroute_physopt_bb.dcp"/>
  <File Type="POSTROUTE-PHYSOPT-TIMING" Name="CompletFeu_timing_summary_postroute_physopted.rpt"/>
  <File Type="POSTROUTE-PHYSOPT-TIMING-PB" Name="CompletFeu_timing_summary_postroute_physopted.pb"/>
  <File Type="POSTROUTE-PHYSOPT-TIMING-RPX" Name="CompletFeu_timing_summary_postroute_physopted.rpx"/>
  <File Type="POSTROUTE-PHYSOPT-BUS-SKEW" Name="CompletFeu_bus_skew_postroute_physopted.rpt"/>
  <File Type="POSTROUTE-PHYSOPT-BUS-SKEW-PB" Name="CompletFeu_bus_skew_postroute_physopted.pb"/>
  <File Type="BG-BIT" Name="CompletFeu.bit"/>
  <File Type="POSTROUTE-PHYSOPT-BUS-SKEW-RPX" Name="CompletFeu_bus_skew_postroute_physopted.rpx"/>
  <File Type="BITSTR-RBT" Name="CompletFeu.rbt"/>
  <File Type="BITSTR-NKY" Name="CompletFeu.nky"/>
  <File Type="BG-DRC" Name="CompletFeu.drc"/>
  <File Type="RDI-RDI" Name="CompletFeu.vdi"/>
  <File Type="WBT-USG" Name="usage_statistics_webtalk.html"/>
  <FileSet Name="sources" Type="DesignSrcs" RelSrcDir="$PSRCDIR/sources_1">
    <Filter Type="Srcs"/>
    <File Path="$PSRCDIR/sources_1/imports/Lab5/DEBOUNCE.vhd">
      <FileInfo>
        <Attr Name="ImportPath" Val="$PPRDIR/../Lab5/DEBOUNCE.vhd"/>
        <Attr Name="ImportTime" Val="1574171428"/>
        <Attr Name="UsedIn" Val="synthesis"/>
        <Attr Name="UsedIn" Val="simulation"/>
      </FileInfo>
    </File>
    <File Path="$PSRCDIR/sources_1/imports/Lab5/DISP_7_SEG_LAB5.vhd">
      <FileInfo>
        <Attr Name="ImportPath" Val="$PPRDIR/../Lab5/DISP_7_SEG_LAB5.vhd"/>
        <Attr Name="ImportTime" Val="1574171428"/>
        <Attr Name="UsedIn" Val="synthesis"/>
        <Attr Name="UsedIn" Val="simulation"/>
      </FileInfo>
    </File>
    <File Path="$PSRCDIR/sources_1/imports/Lab5/PULSE_GEN.vhd">
      <FileInfo>
        <Attr Name="ImportPath" Val="$PPRDIR/../Lab5/PULSE_GEN.vhd"/>
        <Attr Name="ImportTime" Val="1574171429"/>
        <Attr Name="UsedIn" Val="synthesis"/>
        <Attr Name="UsedIn" Val="simulation"/>
      </FileInfo>
    </File>
    <File Path="$PSRCDIR/sources_1/imports/Lab5/TRAFIC_LIGHT.vhd">
      <FileInfo>
        <Attr Name="ImportPath" Val="$PPRDIR/../Lab5/TRAFIC_LIGHT.vhd"/>
        <Attr Name="ImportTime" Val="1574171429"/>
        <Attr Name="UsedIn" Val="synthesis"/>
        <Attr Name="UsedIn" Val="simulation"/>
      </FileInfo>
    </File>
    <File Path="$PSRCDIR/sources_1/new/CompletFeu.vhd">
      <FileInfo>
        <Attr Name="UsedIn" Val="synthesis"/>
        <Attr Name="UsedIn" Val="simulation"/>
      </FileInfo>
    </File>
    <Config>
      <Option Name="DesignMode" Val="RTL"/>
      <Option Name="TopModule" Val="CompletFeu"/>
    </Config>
  </FileSet>
  <FileSet Name="constrs_in" Type="Constrs" RelSrcDir="$PSRCDIR/constrs_1">
    <Filter Type="Constrs"/>
    <File Path="$PSRCDIR/constrs_1/new/LAB5.xdc">
      <FileInfo>
        <Attr Name="UsedIn" Val="synthesis"/>
        <Attr Name="UsedIn" Val="implementation"/>
      </FileInfo>
    </File>
    <Config>
      <Option Name="ConstrsType" Val="XDC"/>
    </Config>
  </FileSet>
  <FileSet Name="utils" Type="Utils" RelSrcDir="$PSRCDIR/utils_1">
    <Filter Type="Utils"/>
    <Config>
      <Option Name="TopAutoSet" Val="TRUE"/>
    </Config>
  </FileSet>
  <Strategy Version="1" Minor="2">
    <StratHandle Name="Vivado Implementation Defaults" Flow="Vivado Implementation 2018">
      <Desc>Default settings for Implementation.</Desc>
    </StratHandle>
    <Step Id="init_design"/>
    <Step Id="opt_design"/>
    <Step Id="power_opt_design"/>
    <Step Id="place_design"/>
    <Step Id="post_place_power_opt_design"/>
    <Step Id="phys_opt_design"/>
    <Step Id="route_design"/>
    <Step Id="post_route_phys_opt_design"/>
    <Step Id="write_bitstream"/>
  </Strategy>
</GenRun>
